<?xml version="1.0" encoding="UTF-8"?>
<project xmlns="http://www.netbeans.org/ns/project/1">
    <type>com.microchip.mplab.nbide.embedded.makeproject</type>
    <configuration>
        <data xmlns="http://www.netbeans.org/ns/make-project/1">
            <name>Futuro_Codigo_Final</name>
            <name>Example_Code_C_ASM_Complete</name>
            <name>Example_Code_C_ASM_Hidden_Parts</name>
            <name>Example_Code_C_ASM</name>
            <name>Aula1_Teste_MPLAB_hidden_parts</name>
            <name>Aula1_Teste_MPLAB</name>
            <creation-uuid>0c13bee8-5594-4d2b-a75e-5c89b7131004</creation-uuid>
            <make-project-type>0</make-project-type>
            <c-extensions>c</c-extensions>
            <cpp-extensions/>
            <header-extensions/>
            <asminc-extensions/>
            <sourceEncoding>ISO-8859-1</sourceEncoding>
            <make-dep-projects/>
            <sourceRootList/>
            <confList>
                <confElem>
                    <name>default</name>
                    <type>2</type>
                </confElem>
            </confList>
            <formatting>
                <project-formatting-style>false</project-formatting-style>
            </formatting>
        </data>
    </configuration>
</project>
